u-starting-velocity,t-time,a-acceleration,s-distance-travelled
396.00,130.00,5.68,99475.48
225.00,153.00,7.57,122971.82
112.00,187.00,1.84,53149.51
10.00,101.00,0.54,3766.05
822.00,143.00,0.70,124664.93
256.00,106.00,8.15,72927.90
223.00,103.00,8.55,68341.89
407.00,162.00,3.57,112753.06
511.00,178.00,1.33,112028.24
826.00,145.00,8.25,206535.00
861.00,158.00,8.78,245578.87
250.00,102.00,7.38,63884.22
186.00,122.00,2.36,40289.81
268.00,103.00,0.44,29959.15
570.00,148.00,4.66,135356.28
250.00,158.00,8.65,147457.32
769.00,200.00,1.54,184698.44
822.00,188.00,4.67,237152.33
299.00,190.00,6.78,179238.78
216.00,188.00,6.52,155874.36
341.00,105.00,4.81,62294.94
420.00,154.00,6.93,146819.12
925.00,176.00,7.91,285379.78
526.00,135.00,8.36,147207.11
733.00,179.00,0.78,143632.46
711.00,173.00,4.33,187771.35
617.00,109.00,0.98,73081.06
830.00,108.00,4.38,115205.93
499.00,134.00,8.37,142055.48
502.00,157.00,1.43,96411.11
127.00,123.00,2.86,37237.91
121.00,174.00,4.81,93832.86
296.00,159.00,7.81,145781.54
740.00,143.00,4.11,147802.83
677.00,172.00,4.96,189832.68
393.00,141.00,6.50,120052.68
794.00,128.00,2.19,119534.91
243.00,190.00,4.56,128429.35
963.00,190.00,1.20,204716.38
464.00,199.00,9.96,289633.96
115.00,144.00,8.94,109264.10
960.00,122.00,1.08,125174.55
473.00,118.00,8.74,116649.41
596.00,164.00,7.20,194628.42
561.00,173.00,9.54,239830.38
681.00,153.00,4.68,159023.53
814.00,115.00,4.23,121552.87
782.00,185.00,5.89,245497.83
274.00,128.00,9.45,112491.09
388.00,173.00,9.11,203426.67
930.00,173.00,6.61,259873.19
104.00,135.00,8.19,88633.68
387.00,131.00,7.48,114864.27
399.00,140.00,0.76,63270.79
653.00,131.00,6.11,137970.97
543.00,191.00,4.92,193481.98
910.00,162.00,0.27,150908.86
659.00,100.00,5.16,91711.41
96.00,166.00,4.90,83388.72
124.00,198.00,6.96,161047.86
312.00,191.00,4.80,147138.47
884.00,189.00,6.56,284315.10
607.00,174.00,8.17,229257.45
476.00,158.00,1.06,88417.90
288.00,152.00,6.41,117805.39
708.00,160.00,4.72,173681.06
50.00,121.00,7.35,59885.26
711.00,146.00,9.39,203918.60
248.00,122.00,5.84,73748.38
37.00,136.00,4.56,47211.51
422.00,178.00,4.19,141544.92
466.00,108.00,5.34,81497.50
879.00,125.00,6.12,157723.22
689.00,143.00,0.76,106289.02
22.00,185.00,8.28,145721.38
798.00,134.00,3.10,134794.66
226.00,155.00,6.30,110677.25
943.00,158.00,7.18,238555.58
893.00,135.00,7.76,191242.69
544.00,154.00,4.62,138504.58
164.00,134.00,1.81,38183.60
442.00,167.00,1.54,95223.87
461.00,116.00,9.58,117920.35
494.00,160.00,1.89,103215.98
95.00,118.00,7.20,61349.98
833.00,149.00,5.44,184505.70
131.00,132.00,0.10,18166.35
439.00,145.00,8.87,156925.00
31.00,143.00,0.20,6521.68
821.00,123.00,6.09,147061.81
286.00,101.00,0.11,29425.92
529.00,145.00,4.66,125696.52
800.00,110.00,8.76,140978.49
326.00,150.00,9.85,159686.04
401.00,135.00,9.27,138597.77
894.00,101.00,6.44,123144.71
532.00,106.00,0.74,60525.39
297.00,116.00,7.30,83568.73
83.00,162.00,4.51,72575.11
400.00,180.00,9.29,222539.95
14.00,146.00,5.37,59231.50
423.00,143.00,9.37,156295.31
564.00,110.00,9.70,120698.62
845.00,126.00,2.77,128462.49
374.00,192.00,3.74,140659.58
876.00,105.00,1.39,99623.78
139.00,138.00,8.92,104158.72
242.00,168.00,7.48,146203.06
433.00,146.00,3.76,103245.44
333.00,121.00,6.82,90237.76
296.00,159.00,0.44,52657.65
37.00,185.00,1.75,36860.89
134.00,184.00,2.55,67796.73
575.00,195.00,8.99,282991.52
131.00,188.00,0.95,41415.48
52.00,170.00,9.47,145630.09
355.00,196.00,5.88,182492.70
671.00,189.00,1.48,153260.57
254.00,197.00,4.29,133207.58
500.00,199.00,6.19,222131.63
488.00,173.00,3.84,141858.31
396.00,183.00,9.28,227919.02
371.00,188.00,2.80,119187.42
359.00,112.00,5.87,77050.93
224.00,105.00,4.08,45985.73
764.00,139.00,3.20,137109.65
35.00,117.00,4.63,35798.73
210.00,115.00,1.22,32218.98
654.00,139.00,4.80,137269.69
573.00,148.00,6.85,159772.92
459.00,103.00,0.75,51259.37
658.00,198.00,8.41,295206.48
176.00,136.00,9.23,109334.63
239.00,176.00,5.50,127293.18
208.00,164.00,0.68,43308.59
527.00,152.00,9.39,188583.35
597.00,167.00,6.04,183866.67
185.00,104.00,9.80,72239.24
785.00,145.00,6.72,184450.84
392.00,107.00,6.82,80993.15
848.00,155.00,7.88,226082.11
754.00,106.00,9.91,135625.76
268.00,130.00,3.26,62428.08
655.00,140.00,6.33,153688.20
409.00,190.00,0.07,79000.21
381.00,140.00,0.27,55972.81
781.00,164.00,1.15,143586.25
586.00,117.00,5.76,107964.25
600.00,170.00,5.75,185044.26
481.00,141.00,3.99,107486.18
435.00,157.00,8.94,178450.52
42.00,100.00,4.86,28505.18
141.00,198.00,0.81,43835.99
875.00,117.00,7.47,153500.15
575.00,127.00,2.02,89292.57
904.00,196.00,8.94,348926.69
695.00,197.00,3.29,200830.91
796.00,170.00,8.93,264429.58
888.00,163.00,9.11,265725.90
291.00,112.00,8.10,83423.00
578.00,144.00,0.83,91847.49
285.00,168.00,0.66,57123.83
337.00,185.00,2.81,110465.94
883.00,157.00,2.10,164465.82
707.00,140.00,7.99,177239.22
960.00,126.00,7.31,178963.62
450.00,128.00,5.60,103501.98
765.00,191.00,7.07,275022.72
553.00,129.00,2.85,95052.90
462.00,118.00,3.14,76383.63
345.00,119.00,7.31,92786.07
503.00,183.00,0.74,104380.48
335.00,133.00,6.52,102184.41
987.00,150.00,0.79,156930.33
436.00,171.00,2.00,103829.73
634.00,168.00,4.34,167697.23
469.00,180.00,3.68,144035.27
912.00,118.00,7.82,162052.85
721.00,106.00,6.66,113824.82
910.00,114.00,1.70,114806.62
460.00,189.00,6.20,197689.41
608.00,166.00,8.57,218937.59
832.00,168.00,5.18,212939.46
474.00,104.00,9.45,100382.84
186.00,200.00,8.80,213166.46
703.00,185.00,1.81,161021.64
68.00,117.00,1.91,21049.35
212.00,130.00,4.52,65721.87
721.00,182.00,0.41,138024.41
622.00,173.00,5.85,195147.58
346.00,181.00,8.97,209493.18
978.00,167.00,4.15,221203.79
467.00,167.00,4.58,141846.97
6.00,162.00,6.66,88303.95
442.00,138.00,3.45,93829.55
349.00,120.00,9.11,107463.20
794.00,194.00,2.40,199209.59
310.00,142.00,7.80,122638.18
92.00,114.00,4.68,40877.29
199.00,130.00,2.86,50052.29
124.00,194.00,9.29,198808.40
688.00,179.00,5.55,212049.96
367.00,117.00,5.97,83798.99
424.00,152.00,1.28,79253.94
545.00,198.00,5.20,209845.17
70.00,100.00,9.60,55020.48
204.00,118.00,1.04,31338.68
938.00,162.00,2.57,185634.37
250.00,106.00,5.91,59716.18
524.00,125.00,0.67,70749.49
626.00,193.00,1.30,145069.37
939.00,171.00,7.83,275076.31
263.00,169.00,5.09,117119.79
484.00,100.00,5.14,74097.74
315.00,138.00,3.31,74969.78
549.00,183.00,3.40,157405.42
775.00,165.00,5.27,199609.04
818.00,199.00,0.51,172798.21
964.00,146.00,1.37,155321.44
549.00,118.00,6.14,107562.94
1.00,105.00,4.71,26050.79
384.00,186.00,5.65,169205.92
281.00,122.00,8.81,99811.92
907.00,172.00,4.88,228164.18
888.00,106.00,9.72,148738.68
275.00,145.00,0.51,45227.28
561.00,154.00,9.76,202151.64
75.00,136.00,8.91,92645.56
69.00,107.00,3.42,26982.90
854.00,185.00,0.77,171212.84
690.00,102.00,1.13,76255.64
650.00,118.00,8.45,135523.89
0.00,168.00,2.54,35876.33
793.00,179.00,1.89,172244.99
941.00,188.00,1.32,200299.65
809.00,131.00,8.29,177127.10
363.00,168.00,4.61,126000.90
823.00,147.00,8.68,214716.69
666.00,200.00,9.80,329299.53
715.00,156.00,4.97,172067.74
874.00,122.00,9.98,180925.73
559.00,122.00,9.69,140284.37
479.00,123.00,2.69,79247.84
604.00,186.00,8.05,251507.29
337.00,173.00,6.80,160116.82
586.00,147.00,8.27,175506.75
750.00,187.00,3.08,194119.18
922.00,139.00,8.28,208109.20
893.00,178.00,3.09,207840.11
402.00,158.00,3.10,102258.14
522.00,127.00,6.02,114844.18
733.00,138.00,6.27,160850.26
109.00,135.00,3.82,49479.43
112.00,177.00,9.21,164075.70
179.00,165.00,2.65,65613.20
713.00,200.00,8.36,309795.22
424.00,123.00,1.49,63448.74
91.00,146.00,9.21,111479.15
459.00,103.00,2.53,60673.35
981.00,177.00,6.03,268158.00
293.00,139.00,7.24,110689.22
376.00,156.00,7.50,149903.72
899.00,106.00,8.40,142478.03
942.00,157.00,6.37,226457.67
217.00,145.00,2.43,56966.85
580.00,166.00,9.57,228149.47
992.00,185.00,1.53,209618.92
185.00,143.00,6.33,91215.87
523.00,168.00,8.64,209724.35
167.00,168.00,3.58,78579.34
218.00,151.00,6.74,109790.39
470.00,103.00,6.52,82972.46
150.00,187.00,8.87,183124.59
967.00,130.00,6.01,176522.94
339.00,187.00,7.66,197319.14
682.00,197.00,6.06,251955.00
536.00,157.00,2.11,110204.60
631.00,145.00,3.56,128925.83
47.00,170.00,2.56,45012.02
484.00,121.00,0.65,63347.50
750.00,103.00,1.10,83099.79
391.00,150.00,8.56,154966.15
238.00,111.00,4.56,54512.11
415.00,103.00,1.46,50501.41
990.00,184.00,6.64,294491.22
511.00,174.00,6.03,180225.53
443.00,185.00,7.15,204339.37
795.00,194.00,9.26,328486.17
543.00,127.00,2.95,92724.49
81.00,138.00,7.23,80057.21
15.00,159.00,6.99,90696.47
895.00,139.00,1.74,141236.33
703.00,179.00,2.02,158250.48
420.00,167.00,6.24,157172.47
550.00,182.00,3.51,158245.53
99.00,128.00,0.90,20070.97
90.00,165.00,7.02,110447.85
445.00,127.00,9.73,134987.19
408.00,121.00,0.66,54164.94
863.00,104.00,3.08,106425.47
372.00,178.00,7.03,177567.83
227.00,155.00,1.01,47289.63
692.00,170.00,5.14,191852.39
183.00,144.00,1.54,42361.38
4.00,132.00,9.60,84172.54
734.00,106.00,0.28,79390.59
643.00,161.00,2.11,130862.02
644.00,149.00,9.16,197686.77
753.00,168.00,5.86,209150.72
58.00,165.00,4.55,71483.82
272.00,144.00,8.06,122740.34
270.00,199.00,8.02,212545.19
656.00,148.00,5.72,159744.34
218.00,116.00,4.57,56063.17
610.00,132.00,4.24,117441.88
607.00,110.00,2.98,84826.86
668.00,161.00,1.23,123497.57
825.00,138.00,3.65,148591.18
733.00,198.00,7.35,289167.07
496.00,144.00,3.52,107887.03
242.00,121.00,9.40,98080.10
105.00,158.00,6.00,91456.21
747.00,146.00,5.13,163762.66
816.00,124.00,7.50,158851.37
532.00,146.00,1.08,89146.00
760.00,112.00,2.78,102543.73
745.00,125.00,8.08,156219.41
109.00,200.00,9.54,212531.78
142.00,128.00,7.07,76086.68
639.00,105.00,1.66,76242.47
936.00,131.00,0.72,128782.28
574.00,176.00,9.77,252277.16
870.00,111.00,0.78,101393.44
232.00,154.00,7.86,128900.97
876.00,142.00,8.07,205800.29
426.00,160.00,8.67,179102.76
590.00,128.00,5.90,123815.51
229.00,145.00,0.89,42607.53
884.00,163.00,1.26,160783.40
829.00,116.00,4.21,124512.21
814.00,193.00,0.47,165851.68
730.00,106.00,1.05,83293.52
400.00,119.00,2.54,65558.56
184.00,187.00,4.65,115625.99
770.00,143.00,4.73,158511.92
917.00,100.00,6.08,122117.97
523.00,140.00,9.07,162152.59
895.00,193.00,1.29,196755.15
62.00,131.00,9.20,87054.87
637.00,174.00,9.19,249932.87
650.00,167.00,3.34,155094.69
950.00,103.00,8.54,143158.45
669.00,145.00,5.41,153906.79
745.00,104.00,0.11,78097.60
262.00,164.00,4.02,97084.84
110.00,190.00,1.06,40092.26
702.00,156.00,8.70,215406.12
658.00,179.00,9.81,274991.02
105.00,169.00,7.30,121927.38
905.00,152.00,8.00,229997.67
195.00,148.00,7.66,112732.72
500.00,158.00,7.14,168060.43
843.00,136.00,6.79,177466.99
648.00,103.00,4.04,88150.81
126.00,106.00,2.37,26671.09
16.00,180.00,4.55,76567.79
578.00,115.00,6.55,109792.65
257.00,200.00,0.31,57632.88
869.00,182.00,9.62,317491.99
663.00,104.00,4.14,91328.77
71.00,112.00,6.19,46770.81
379.00,149.00,4.16,102603.10
686.00,151.00,6.96,182891.57
212.00,132.00,1.00,36694.51
66.00,102.00,9.89,58179.05
425.00,135.00,7.62,126780.44
351.00,102.00,7.95,77140.99
74.00,107.00,7.83,52712.99
984.00,167.00,0.83,175967.00
208.00,181.00,3.87,101084.40
749.00,200.00,8.34,316536.09
328.00,144.00,7.59,125961.16
58.00,131.00,2.47,28818.41
933.00,116.00,9.99,175420.39
29.00,111.00,6.92,45851.04
506.00,171.00,4.73,155719.16
953.00,162.00,9.20,275068.30
887.00,187.00,9.66,334788.89
256.00,124.00,1.78,45458.67
591.00,187.00,1.13,130290.63
197.00,184.00,9.98,205148.45
986.00,148.00,5.15,202315.03
216.00,158.00,6.76,118515.05
525.00,157.00,9.07,194156.24
682.00,115.00,0.41,81160.59
384.00,183.00,9.68,232355.66
772.00,109.00,7.70,129910.51
283.00,157.00,2.69,77592.68
895.00,125.00,6.38,161743.09
743.00,196.00,8.89,316412.83
732.00,183.00,5.05,218474.89
375.00,180.00,7.86,194831.79
525.00,115.00,7.32,108786.08
287.00,152.00,4.73,98252.72
392.00,176.00,7.61,186812.07
110.00,105.00,9.70,65002.50
213.00,195.00,3.98,117206.47
139.00,193.00,1.15,48288.25
546.00,112.00,0.65,65215.37
520.00,178.00,0.94,107421.76
221.00,196.00,3.05,101828.91
762.00,167.00,4.31,187397.79
854.00,168.00,6.08,229271.00
685.00,185.00,3.57,187772.58
980.00,198.00,2.35,240094.89
800.00,155.00,5.21,186591.32
659.00,105.00,5.78,101032.65
182.00,111.00,2.31,34407.90
562.00,164.00,5.16,161509.55
388.00,107.00,5.37,72230.19
515.00,121.00,3.89,90795.43
663.00,170.00,1.79,138546.35
928.00,101.00,9.31,141209.47
625.00,160.00,4.66,159650.36
941.00,155.00,3.24,184789.93
795.00,110.00,1.04,93731.82
500.00,160.00,3.11,119861.05
261.00,154.00,5.50,105432.82
29.00,161.00,4.41,61846.24
789.00,100.00,1.64,87088.04
749.00,155.00,2.69,148464.78
96.00,172.00,1.72,41939.28
250.00,163.00,3.60,88595.80
272.00,122.00,8.88,99235.20
378.00,190.00,4.02,144375.41
4.00,114.00,3.45,22868.43
476.00,184.00,7.08,207401.33
568.00,167.00,4.77,161365.37
231.00,161.00,6.80,125284.62
359.00,156.00,4.76,113911.94
947.00,164.00,8.26,266330.91
128.00,122.00,6.47,63792.45
964.00,196.00,2.86,243799.09
973.00,196.00,1.14,212646.36
26.00,186.00,6.04,109257.43
165.00,168.00,4.70,94110.09
345.00,119.00,3.68,67133.37
220.00,190.00,4.27,118822.36
367.00,135.00,1.62,64288.37
779.00,151.00,8.62,215910.72
762.00,119.00,9.19,155761.79
875.00,126.00,8.85,180530.62
503.00,106.00,3.49,72939.01
48.00,173.00,0.73,19237.59
152.00,133.00,6.76,79992.09
265.00,109.00,5.71,62798.92
881.00,171.00,8.24,271131.98
530.00,182.00,2.59,139294.72
609.00,195.00,2.17,160008.38
189.00,125.00,0.46,27235.37
694.00,143.00,2.01,119808.54
837.00,114.00,0.43,98184.41
192.00,174.00,7.20,142476.94
45.00,150.00,7.58,92040.21
517.00,160.00,6.80,169809.78
208.00,126.00,2.37,45045.08
899.00,139.00,7.20,194531.53
219.00,198.00,0.34,50022.81
777.00,100.00,3.27,94038.07
207.00,171.00,0.43,41617.88
873.00,104.00,3.07,107396.53
780.00,164.00,1.27,144948.87
530.00,135.00,0.17,73093.04
649.00,104.00,6.14,100723.07
212.00,158.00,3.75,80296.37
214.00,120.00,2.30,42236.43
436.00,182.00,4.75,158076.02
709.00,192.00,8.77,297864.75
968.00,156.00,0.26,154190.33
377.00,147.00,6.95,130486.50
843.00,182.00,6.15,255287.74
589.00,173.00,8.90,235067.36
490.00,121.00,2.97,81036.96
83.00,198.00,1.75,50666.77
317.00,164.00,4.98,118960.59
400.00,120.00,6.41,94127.48
432.00,146.00,7.26,140397.74
876.00,156.00,8.55,240703.20
158.00,168.00,4.80,94255.32
50.00,175.00,3.16,57160.65
886.00,200.00,0.29,183091.85
228.00,132.00,4.41,68507.28
683.00,157.00,9.91,229396.76
487.00,174.00,9.79,232929.71
354.00,105.00,7.81,80195.72
38.00,159.00,4.30,60333.39
177.00,153.00,6.87,107453.57
469.00,146.00,4.66,118158.62
508.00,157.00,6.19,155999.25
609.00,171.00,2.67,143143.17
149.00,197.00,0.39,36923.86
879.00,132.00,5.51,164004.36
316.00,191.00,9.87,240442.17
806.00,192.00,7.84,299348.49
263.00,121.00,6.16,76952.74
978.00,170.00,0.66,175833.20
170.00,101.00,9.64,66358.37
58.00,140.00,0.52,13238.28
21.00,167.00,9.47,135523.06
675.00,154.00,6.91,185902.40
478.00,174.00,4.13,145741.36
617.00,132.00,8.63,156666.54
951.00,178.00,2.96,216202.81
665.00,147.00,4.96,151317.44
882.00,132.00,1.40,128604.42
616.00,147.00,7.81,174884.11
694.00,150.00,6.19,173767.66
689.00,141.00,7.52,171868.59
184.00,152.00,5.69,93643.26
2.00,150.00,8.93,100809.60
197.00,194.00,4.17,116672.84
98.00,193.00,8.86,183947.89
221.00,157.00,1.78,56678.73
786.00,162.00,2.33,157901.33
630.00,144.00,6.14,154417.16
262.00,125.00,5.43,75159.14
699.00,165.00,8.88,236148.27
408.00,120.00,0.41,51937.77
257.00,197.00,2.39,96993.36
772.00,105.00,6.56,117200.98
244.00,158.00,8.19,140751.61
456.00,134.00,5.88,113867.77
104.00,108.00,6.73,50474.63
817.00,115.00,9.88,159273.18
130.00,192.00,3.50,89411.55
156.00,130.00,0.00,20293.30
628.00,166.00,6.14,188847.75
488.00,164.00,2.15,108895.77
415.00,108.00,4.32,70029.17
981.00,166.00,9.82,298125.20
124.00,169.00,1.67,44826.69
297.00,110.00,4.76,61487.34
144.00,132.00,3.22,47089.76
571.00,132.00,3.47,105571.40
783.00,145.00,8.47,202612.16
703.00,119.00,2.32,100109.87
428.00,179.00,0.33,81825.70
580.00,153.00,9.82,203692.56
829.00,159.00,6.77,217352.58
636.00,192.00,2.71,172040.51
848.00,143.00,6.99,192730.14
630.00,179.00,1.43,135601.13
442.00,187.00,2.10,119411.53
161.00,179.00,8.43,163860.06
795.00,134.00,2.84,132022.08
713.00,105.00,4.08,97338.04
488.00,105.00,8.45,97793.48
681.00,189.00,9.44,297275.76
757.00,174.00,4.97,206899.01
71.00,183.00,3.89,78138.81
507.00,117.00,8.15,115122.51
468.00,125.00,8.25,122964.23
1000.00,141.00,1.95,160370.36
541.00,182.00,6.67,208944.08
621.00,112.00,6.98,113332.79
714.00,121.00,1.13,94631.98
580.00,135.00,4.75,121565.59
259.00,177.00,4.54,117021.51
254.00,186.00,1.75,77570.56
297.00,180.00,6.24,154550.08
805.00,102.00,4.50,105523.67
544.00,128.00,7.02,127176.35
438.00,191.00,6.69,205730.72
651.00,138.00,0.05,90309.84
291.00,198.00,8.97,233462.15
647.00,140.00,5.77,147133.63
686.00,123.00,5.20,123733.80
415.00,117.00,7.77,101751.86
419.00,146.00,8.17,148240.77
529.00,136.00,2.51,95187.52
810.00,105.00,1.84,95194.39
485.00,150.00,1.97,94929.10
83.00,144.00,8.30,97975.83
937.00,139.00,7.04,198226.03
532.00,178.00,5.95,188970.49
416.00,100.00,4.11,62132.89
228.00,170.00,3.36,87373.62
731.00,154.00,1.48,130068.64
975.00,132.00,5.90,180096.87
355.00,136.00,8.85,130162.05
711.00,192.00,7.36,272089.61
629.00,143.00,2.01,110497.42
545.00,134.00,8.84,152435.16
847.00,198.00,2.46,215991.09
497.00,159.00,5.13,143835.47
56.00,131.00,3.88,40628.14
89.00,172.00,7.00,118786.13
370.00,138.00,5.66,104966.44
913.00,107.00,8.21,144701.33
192.00,195.00,7.97,189037.50
22.00,172.00,8.43,128412.84
503.00,115.00,2.19,72303.30
900.00,104.00,3.98,115114.72
444.00,181.00,0.45,87733.28
280.00,146.00,3.00,72879.50
793.00,112.00,5.32,122185.64
365.00,127.00,8.91,118199.59
858.00,163.00,1.81,163895.74
207.00,150.00,1.77,50964.31
772.00,134.00,9.44,188217.02
366.00,112.00,6.59,82327.21
65.00,114.00,6.37,48822.14
665.00,103.00,7.72,109457.71
99.00,158.00,5.68,86553.97
723.00,143.00,7.76,182698.90
653.00,136.00,7.13,154757.10
532.00,120.00,0.85,69966.16
3.00,146.00,3.92,42264.45
45.00,185.00,5.34,99714.07
26.00,112.00,3.89,27307.47
969.00,145.00,7.14,215600.29
66.00,131.00,4.58,47908.90
418.00,200.00,5.94,202411.47
286.00,145.00,0.88,50689.46
697.00,141.00,6.69,164785.22
178.00,195.00,2.81,88180.49
439.00,160.00,0.92,82053.07
872.00,175.00,1.90,181715.56
64.00,111.00,1.95,19141.87
716.00,161.00,5.77,190058.63
139.00,148.00,7.53,102991.00
817.00,138.00,7.72,186258.84
895.00,141.00,2.54,151399.13
530.00,115.00,0.94,67146.15
471.00,123.00,1.37,68298.99
526.00,152.00,4.68,134009.05
244.00,132.00,4.01,67122.10
914.00,185.00,7.46,296735.33
790.00,120.00,1.01,102084.31
296.00,149.00,6.74,118952.60
874.00,149.00,6.20,199072.50
249.00,127.00,7.26,90203.69
697.00,171.00,5.73,202963.83
311.00,123.00,1.94,52891.71
260.00,174.00,6.85,148906.54
559.00,195.00,8.63,273148.31
715.00,185.00,8.68,280859.04
688.00,183.00,8.10,261609.07
712.00,197.00,9.38,322200.97
675.00,190.00,5.15,221245.87
0.00,151.00,9.91,113030.27
979.00,145.00,8.17,227789.68
917.00,132.00,5.70,170701.94
983.00,196.00,6.41,315872.22
614.00,143.00,4.57,134511.14
459.00,200.00,1.09,113560.49
403.00,144.00,7.74,138232.67
864.00,121.00,2.82,125178.57
61.00,161.00,4.77,71603.72
485.00,193.00,9.90,278068.66
919.00,126.00,9.20,188804.81
543.00,162.00,0.33,92234.72
84.00,199.00,5.99,135395.36
565.00,148.00,9.60,188762.75
537.00,148.00,4.54,129230.27
452.00,102.00,9.39,94940.41
196.00,192.00,7.11,168593.76
255.00,158.00,7.06,128382.54
413.00,155.00,9.03,172512.90
535.00,153.00,1.03,93914.50
205.00,124.00,9.15,95757.68
649.00,106.00,9.76,123618.06
376.00,165.00,3.24,106182.20
676.00,193.00,1.49,158227.47
541.00,159.00,3.38,128730.28
13.00,170.00,8.49,124865.48
578.00,183.00,4.01,172933.87
433.00,103.00,8.80,91252.95
664.00,131.00,1.07,96184.33
837.00,168.00,5.36,216222.63
324.00,140.00,6.40,108038.87
429.00,136.00,1.12,68689.31
258.00,124.00,7.98,93354.95
807.00,172.00,7.83,254582.50
678.00,121.00,3.00,104020.78
878.00,147.00,5.75,191229.55
316.00,158.00,3.10,88661.60
735.00,185.00,9.06,291047.93
828.00,112.00,2.65,109360.01
846.00,138.00,9.07,203116.09
166.00,155.00,1.17,39833.60
167.00,101.00,5.32,43983.42
394.00,158.00,5.31,128523.69
317.00,181.00,2.83,103809.33
851.00,137.00,1.69,132486.51
39.00,148.00,3.71,46438.43
696.00,142.00,2.85,127597.84
751.00,101.00,4.70,99832.40
670.00,168.00,2.59,149141.55
904.00,134.00,1.14,131374.65
242.00,199.00,1.84,84616.80
931.00,131.00,2.34,142017.05
235.00,131.00,3.18,58106.26
70.00,191.00,5.71,117489.38
600.00,170.00,5.88,186991.54
380.00,108.00,0.57,44374.29
665.00,163.00,3.55,155605.20
633.00,112.00,0.38,73305.83
103.00,135.00,9.38,99351.53
898.00,115.00,2.69,121087.94
777.00,170.00,4.41,195864.76
187.00,173.00,7.43,143509.61
74.00,105.00,4.37,31839.12
874.00,166.00,0.79,156032.54
824.00,177.00,6.81,252479.05
935.00,161.00,3.79,199643.22
835.00,193.00,3.57,227692.71
829.00,184.00,2.18,189463.54
448.00,157.00,3.25,110434.57
23.00,181.00,1.47,28207.48
907.00,105.00,6.95,133559.14
898.00,146.00,2.42,156857.85
291.00,166.00,4.79,114297.67
328.00,177.00,2.57,98386.79
829.00,117.00,9.18,159814.81
194.00,186.00,7.65,168484.62
226.00,183.00,3.54,100663.01
765.00,147.00,1.64,130152.47
62.00,131.00,8.40,80160.77
919.00,107.00,4.25,122660.65
639.00,114.00,7.77,123312.68
731.00,105.00,6.04,110037.18
511.00,199.00,9.83,296377.18
781.00,108.00,4.64,111420.50
360.00,191.00,7.92,213264.89
76.00,114.00,2.39,24188.79
149.00,119.00,0.96,24535.21
451.00,157.00,4.95,131784.23
714.00,126.00,5.51,133677.49
732.00,131.00,5.23,140743.03
952.00,199.00,9.51,377667.11
889.00,168.00,1.45,169772.60
958.00,179.00,8.40,306062.49
90.00,172.00,3.50,67203.60
709.00,123.00,3.39,112850.30
117.00,171.00,9.19,154421.97
227.00,188.00,3.29,100772.24
908.00,114.00,3.15,123967.23
562.00,196.00,5.84,222333.28
379.00,176.00,5.00,144071.38
898.00,131.00,8.98,194669.28
409.00,170.00,3.42,119014.61
233.00,148.00,7.45,116066.47
639.00,135.00,4.50,127231.33
964.00,156.00,6.13,224917.60
982.00,118.00,8.86,177547.03
368.00,178.00,5.55,153442.18
479.00,145.00,2.59,96663.79
788.00,127.00,5.57,144977.31
933.00,105.00,8.78,146370.41
304.00,141.00,6.82,110655.57
925.00,107.00,4.65,125584.99
591.00,169.00,4.37,162266.91
119.00,111.00,5.57,47494.61
789.00,193.00,4.47,235496.06
928.00,103.00,3.18,112455.04
864.00,102.00,1.33,95034.08
765.00,135.00,0.96,112000.51
696.00,104.00,3.39,90702.24
174.00,147.00,6.19,92502.52
970.00,134.00,6.04,184219.40
471.00,147.00,5.82,132076.29
14.00,120.00,5.12,38578.01
908.00,125.00,7.29,170422.98
459.00,193.00,0.38,95634.81
497.00,183.00,4.71,169813.08
842.00,171.00,2.89,186185.04
519.00,121.00,2.54,81392.36
674.00,141.00,8.58,180281.91
712.00,122.00,3.13,110160.55
174.00,163.00,2.98,68009.25
666.00,187.00,3.26,181493.28
192.00,127.00,0.30,26832.63
556.00,149.00,2.30,108424.99
136.00,135.00,5.31,66750.17
633.00,154.00,2.80,130725.13
415.00,119.00,4.23,79331.15
961.00,167.00,9.13,287791.02
734.00,118.00,3.01,107577.23
260.00,145.00,5.61,96648.55
12.00,141.00,7.26,73844.24
621.00,180.00,4.06,177503.19
345.00,183.00,8.89,212029.84
322.00,114.00,9.14,96097.17
646.00,178.00,0.51,123009.66
568.00,115.00,4.44,94678.06
615.00,162.00,0.09,100842.22
684.00,135.00,6.43,150921.81
575.00,152.00,2.93,121281.42
399.00,119.00,8.51,107733.28
145.00,149.00,6.39,92552.39
152.00,111.00,3.25,36889.09
477.00,132.00,5.75,113014.79
196.00,174.00,3.87,92734.11
884.00,151.00,8.95,235466.91
303.00,184.00,3.14,108857.58
360.00,100.00,6.31,67542.58
416.00,193.00,0.85,96211.41
107.00,200.00,0.98,40961.00
540.00,190.00,1.94,137629.27
888.00,105.00,6.59,129577.16
157.00,195.00,6.57,155510.13
609.00,140.00,8.13,164976.43
174.00,125.00,8.55,88552.42
754.00,187.00,2.74,188937.51
713.00,161.00,6.92,204537.81
724.00,133.00,5.41,144160.40
55.00,110.00,8.54,57731.17
733.00,190.00,2.45,183519.15
803.00,190.00,9.29,320312.24
215.00,160.00,4.77,95400.81
184.00,102.00,7.28,56646.43
837.00,188.00,4.49,236771.74
167.00,197.00,7.39,176284.17
885.00,145.00,3.90,169373.62
816.00,163.00,0.16,135178.11
910.00,178.00,0.40,168247.90
394.00,191.00,5.88,182486.18
576.00,139.00,3.82,116954.00
887.00,157.00,0.86,149801.22
349.00,145.00,5.09,104072.21
405.00,122.00,1.64,61611.27
473.00,136.00,1.26,75940.40
407.00,152.00,2.36,89116.84
190.00,167.00,0.90,44244.80
740.00,114.00,5.77,121874.16
654.00,105.00,9.54,121268.36
995.00,150.00,3.70,190887.28
899.00,137.00,9.90,216084.86
643.00,110.00,1.64,80672.26
398.00,183.00,2.45,113795.32
299.00,161.00,7.10,140151.31
815.00,127.00,1.05,111979.16
643.00,114.00,1.13,80626.14
413.00,193.00,5.16,175794.89
197.00,155.00,9.57,145456.57
508.00,179.00,9.82,248329.65
273.00,147.00,4.47,88475.23
411.00,173.00,7.70,186317.45
946.00,183.00,9.18,326815.73
1000.00,183.00,1.73,211959.74
224.00,170.00,0.38,43511.77
566.00,131.00,4.11,109396.99
105.00,186.00,1.89,52221.55
521.00,101.00,4.77,76948.12
514.00,103.00,8.93,100300.70
420.00,200.00,1.73,118665.15
124.00,165.00,8.31,133626.86
522.00,152.00,7.85,169990.01
951.00,129.00,4.73,162037.52
61.00,120.00,1.22,16075.94
520.00,179.00,8.34,226685.84
414.00,133.00,3.04,81919.26
818.00,161.00,5.79,206748.20
759.00,141.00,2.64,133237.50
14.00,159.00,8.41,108547.69
214.00,118.00,4.43,56092.87
708.00,180.00,2.35,165489.49
120.00,126.00,2.94,38496.77
529.00,133.00,0.66,76165.67
968.00,125.00,7.59,180280.98
645.00,151.00,1.51,114592.21
695.00,116.00,2.03,94310.20
38.00,122.00,1.82,18172.86
302.00,137.00,1.02,50972.12
530.00,113.00,0.67,64175.44
945.00,171.00,9.35,298327.57
938.00,181.00,0.78,182547.77
773.00,165.00,5.45,201690.46
450.00,129.00,7.95,124161.26
883.00,174.00,9.04,290472.88
499.00,100.00,9.19,95835.27
631.00,176.00,5.97,203497.41
123.00,164.00,3.44,66466.64
583.00,179.00,9.29,253244.25
452.00,105.00,5.66,78673.51
884.00,177.00,8.31,286606.82
488.00,140.00,2.58,93648.31
888.00,179.00,8.37,293106.79
176.00,199.00,2.42,82916.85
105.00,172.00,9.97,165596.60
881.00,138.00,5.64,175312.24
318.00,145.00,2.44,71732.96
576.00,136.00,4.30,118119.18
580.00,165.00,0.15,97762.88
483.00,131.00,5.44,109967.70
82.00,150.00,6.93,90269.84
941.00,164.00,8.05,262557.41
261.00,183.00,3.49,106255.39
225.00,189.00,8.14,187984.90
356.00,200.00,5.89,188911.85
378.00,174.00,1.46,87825.93
972.00,134.00,4.34,169179.83
421.00,170.00,8.95,200942.85
996.00,176.00,0.57,184161.58
632.00,145.00,2.09,113564.44
222.00,188.00,2.59,87504.93
845.00,156.00,5.95,204214.19
567.00,199.00,7.86,268563.06
286.00,188.00,6.76,173317.10
946.00,144.00,1.38,150557.38
24.00,199.00,2.18,48021.45
297.00,152.00,1.09,57709.31
991.00,162.00,8.55,272749.19
492.00,184.00,7.36,215121.33
911.00,153.00,7.43,226323.58
587.00,137.00,8.93,164264.89
673.00,156.00,3.05,142095.31
688.00,127.00,4.65,124896.10
266.00,116.00,1.02,37696.27
862.00,198.00,7.17,311248.17
80.00,116.00,3.17,30590.37
491.00,151.00,5.48,136653.89
439.00,178.00,9.48,228265.97
929.00,151.00,7.88,230098.09
620.00,163.00,0.40,106416.78
0.00,198.00,5.85,114672.19
376.00,194.00,9.10,244098.90
952.00,141.00,7.96,213362.98
324.00,101.00,3.26,49358.83
485.00,144.00,2.91,99968.11
338.00,183.00,7.79,192351.00
391.00,183.00,9.87,236900.15
780.00,140.00,5.60,164118.03
724.00,147.00,4.52,155234.51
238.00,160.00,3.40,81621.34
773.00,184.00,9.96,310766.83
446.00,119.00,7.89,108912.43
855.00,197.00,6.58,296098.11
836.00,135.00,3.50,144770.86
154.00,124.00,8.37,83467.71
519.00,168.00,3.76,140261.92
816.00,163.00,7.42,231533.12
135.00,108.00,0.70,18669.83
726.00,190.00,2.41,181363.59
448.00,119.00,9.06,117493.10
975.00,153.00,3.29,187673.17
503.00,184.00,4.50,168662.39
988.00,128.00,4.53,163593.36
539.00,126.00,4.41,102940.74
481.00,132.00,0.32,66305.11
938.00,158.00,2.05,173755.57
627.00,181.00,8.80,257709.02
756.00,149.00,3.65,153214.52
596.00,176.00,3.94,165979.48
641.00,135.00,1.91,103930.68
970.00,160.00,2.43,186296.75
779.00,139.00,2.95,136755.18
689.00,155.00,5.60,174033.82
53.00,155.00,7.89,103029.33
488.00,140.00,7.73,144067.16
990.00,174.00,6.75,274510.01
870.00,123.00,1.65,119524.71
199.00,115.00,8.32,77916.23
898.00,109.00,3.07,116141.16
115.00,104.00,4.20,34669.22
874.00,170.00,3.22,195120.78
751.00,155.00,8.56,219261.48
672.00,192.00,0.04,129746.20
871.00,163.00,2.53,175640.74
216.00,161.00,8.71,147695.22
576.00,156.00,8.11,188526.35
72.00,190.00,3.99,85740.57
585.00,197.00,6.08,233271.16
908.00,199.00,8.83,355522.93
339.00,123.00,2.86,63325.38
635.00,200.00,7.60,279046.02
619.00,161.00,3.86,149679.89
458.00,160.00,0.99,85981.03
371.00,139.00,5.57,105406.34
242.00,107.00,6.69,64216.12
637.00,112.00,5.01,102764.54
287.00,103.00,4.00,50797.10
40.00,176.00,9.97,161456.54
821.00,197.00,5.48,267995.71
950.00,170.00,5.90,246729.47
916.00,194.00,3.59,245255.10
962.00,129.00,5.33,168455.42
330.00,177.00,3.17,107994.64
341.00,161.00,9.29,175320.28
252.00,114.00,8.59,84527.32
490.00,156.00,1.94,100005.55
170.00,120.00,0.92,27022.96
554.00,171.00,7.59,205713.03
153.00,195.00,3.40,94384.68
200.00,196.00,1.11,60507.86
924.00,178.00,6.71,270825.13
217.00,141.00,6.70,97155.84
558.00,160.00,5.02,153552.99
63.00,148.00,8.75,105162.47
412.00,133.00,1.59,68815.71
534.00,124.00,8.78,133736.07
475.00,199.00,9.97,291878.25
85.00,192.00,3.91,88440.02
719.00,200.00,6.38,271361.79
212.00,141.00,0.16,31472.38
913.00,129.00,8.77,190744.12
18.00,139.00,3.93,40499.46
109.00,150.00,8.27,109441.67
181.00,184.00,4.93,116839.77
12.00,162.00,8.09,108067.75
299.00,166.00,5.97,131939.81
190.00,177.00,7.88,157143.44
417.00,185.00,1.77,107479.48
437.00,119.00,5.17,88583.64
7.00,104.00,5.39,29891.89
315.00,150.00,6.50,120347.74
913.00,164.00,7.96,256833.57
47.00,190.00,1.69,39514.78
349.00,173.00,0.83,72808.48
803.00,119.00,8.05,152552.50
173.00,138.00,5.90,80069.61
358.00,135.00,0.34,51383.22
872.00,129.00,6.13,163453.73
636.00,140.00,3.04,118822.39
787.00,152.00,9.39,228137.89
498.00,122.00,3.97,90273.22
785.00,100.00,9.81,127556.87
501.00,155.00,0.62,85137.74
786.00,158.00,7.20,214069.05
114.00,162.00,4.43,76605.56
609.00,117.00,3.18,93002.99
653.00,198.00,8.72,300301.88
634.00,129.00,7.47,143922.18
585.00,110.00,0.95,70087.16
273.00,120.00,6.51,79596.16
114.00,144.00,9.12,111015.89
432.00,125.00,5.55,97392.32
995.00,147.00,8.03,232994.72
914.00,113.00,7.28,149746.77
784.00,146.00,9.18,212297.05
202.00,106.00,1.92,32173.00
747.00,148.00,1.93,131709.19
395.00,112.00,5.76,80365.18
814.00,178.00,5.69,234981.35
161.00,192.00,1.25,53893.25
802.00,187.00,6.97,271833.80
870.00,145.00,6.26,191973.95
560.00,100.00,2.55,68765.40
275.00,103.00,8.08,71192.26
554.00,176.00,0.10,99013.86
609.00,198.00,9.95,315671.17
320.00,150.00,8.46,143191.77
708.00,169.00,6.15,207490.08
413.00,175.00,9.28,214360.73
226.00,151.00,4.57,86200.64
987.00,147.00,6.11,211060.35
50.00,184.00,7.87,142442.05
596.00,166.00,7.08,196499.06
591.00,180.00,9.67,262997.58
869.00,189.00,8.16,310027.92
374.00,154.00,5.52,123040.75
924.00,143.00,1.11,143491.71
746.00,155.00,4.01,163833.24
109.00,132.00,4.11,50165.46
380.00,197.00,6.25,196065.85
340.00,148.00,6.98,126785.04
872.00,187.00,7.16,288205.63
762.00,161.00,9.09,240518.70
809.00,196.00,2.82,212814.36
93.00,135.00,6.18,68844.50
49.00,120.00,5.94,48649.68
665.00,112.00,4.31,101504.00
56.00,168.00,4.83,77569.87
995.00,159.00,9.56,278985.34
784.00,134.00,5.24,152126.94
430.00,104.00,8.84,92516.56
217.00,178.00,2.77,82474.93
90.00,193.00,5.69,123341.56
666.00,179.00,1.38,141269.65
700.00,190.00,8.67,289493.29
268.00,150.00,0.87,49966.71
428.00,182.00,5.07,161835.15
529.00,107.00,3.15,74623.30
724.00,124.00,1.13,98448.97
663.00,126.00,4.45,118852.73
675.00,193.00,5.89,239967.86
521.00,140.00,0.24,75324.02
135.00,115.00,9.52,78462.10
404.00,108.00,0.28,45261.13
996.00,124.00,9.86,199326.44
779.00,191.00,9.48,321762.34
213.00,102.00,5.42,49904.11
737.00,146.00,7.29,185337.30
490.00,154.00,3.97,122527.21
497.00,174.00,8.92,221554.58
578.00,166.00,6.04,179201.41
998.00,153.00,1.47,169883.49
425.00,172.00,2.86,115369.02
258.00,151.00,7.52,124633.99
604.00,194.00,0.34,123561.92
188.00,174.00,0.61,41933.91
803.00,121.00,5.05,134099.52
982.00,184.00,3.38,237830.23
817.00,173.00,4.01,201357.34
801.00,127.00,9.07,174858.22
892.00,107.00,9.54,150064.93
904.00,116.00,0.15,105883.82
646.00,131.00,9.07,162469.55
359.00,200.00,1.01,91914.80
49.00,195.00,1.20,32425.59
613.00,179.00,4.22,177333.08
143.00,199.00,9.55,217475.68
107.00,103.00,6.33,44623.92
892.00,137.00,6.13,179736.17
753.00,152.00,8.17,208876.62
527.00,185.00,9.55,260864.59
44.00,193.00,6.48,129112.94
876.00,141.00,0.56,129067.79
441.00,196.00,4.32,169478.98
296.00,180.00,2.25,89774.11
782.00,187.00,6.91,267040.61
767.00,109.00,3.79,106110.95
441.00,100.00,0.65,47367.25
595.00,104.00,1.72,71170.97
557.00,197.00,7.56,256523.12
173.00,116.00,6.13,61329.20
206.00,112.00,2.48,38638.18
621.00,150.00,8.42,187911.21
512.00,147.00,3.97,118188.62
541.00,142.00,6.48,142133.59
759.00,143.00,1.79,126834.39
257.00,129.00,4.36,69412.26
146.00,194.00,9.73,211361.59
175.00,111.00,5.04,50481.22
662.00,150.00,2.69,129560.93
151.00,179.00,0.17,29680.12
18.00,182.00,1.33,25280.02
362.00,133.00,1.34,59962.18
644.00,196.00,9.73,313055.24
931.00,143.00,2.73,161056.68
743.00,106.00,0.64,82351.97
361.00,198.00,0.04,72242.43
808.00,160.00,7.23,221798.91
717.00,138.00,2.06,118545.41
604.00,198.00,0.29,125195.43
102.00,133.00,0.89,21404.32
654.00,178.00,3.76,176047.62
70.00,117.00,6.81,54794.81
287.00,143.00,0.51,46301.25
776.00,107.00,2.20,95630.65
724.00,117.00,6.02,125879.06
957.00,195.00,5.40,289203.56
270.00,137.00,2.97,64863.33
164.00,131.00,3.17,48647.87
981.00,154.00,9.56,264384.03
196.00,199.00,1.36,65958.73
914.00,117.00,9.69,173239.31
667.00,175.00,0.76,128409.11
81.00,172.00,8.80,144057.15
24.00,129.00,6.09,53792.05
562.00,151.00,0.87,94810.05
789.00,144.00,5.51,170790.50
570.00,114.00,2.87,83615.54
89.00,180.00,2.92,63337.81
22.00,129.00,9.83,84624.90
589.00,138.00,9.49,171678.04
891.00,122.00,2.78,129368.39
328.00,190.00,3.44,124455.15
192.00,137.00,5.35,76547.45
466.00,176.00,5.42,165998.71
525.00,192.00,4.58,185278.24
978.00,196.00,5.03,288211.22
425.00,187.00,8.49,227973.03
0.00,154.00,5.29,62714.54
376.00,123.00,3.96,76174.73
438.00,188.00,8.83,238458.47
13.00,182.00,6.55,110863.34
69.00,155.00,2.56,41399.22
890.00,110.00,7.80,145087.27
934.00,114.00,2.04,119730.52
853.00,101.00,5.11,112233.72
113.00,200.00,2.77,78085.49
163.00,188.00,0.38,37342.39
671.00,191.00,3.38,189894.51
689.00,198.00,4.35,221598.47
920.00,160.00,0.58,154638.20
924.00,129.00,8.09,186482.21
890.00,147.00,9.34,231774.47
762.00,193.00,2.49,193405.29
463.00,143.00,9.73,165649.69
253.00,111.00,8.95,83216.64
912.00,180.00,2.58,205989.23
348.00,101.00,7.20,71850.09
936.00,187.00,2.18,213076.86
347.00,121.00,4.75,76736.45
39.00,124.00,3.65,32929.31
70.00,143.00,4.70,58071.34
151.00,147.00,7.34,101543.14
664.00,165.00,0.11,111020.57
42.00,141.00,5.70,62620.60
367.00,153.00,5.31,118337.67
590.00,178.00,4.86,182077.95
457.00,123.00,2.06,71810.03
94.00,158.00,7.89,113288.87
854.00,132.00,1.42,125117.08
758.00,199.00,0.02,151238.99
44.00,164.00,9.67,137216.73
153.00,128.00,9.42,96785.77
3.00,106.00,8.47,47893.21
808.00,139.00,2.39,135406.88
111.00,115.00,7.59,62948.76
588.00,114.00,9.25,127131.74
562.00,120.00,6.62,115074.83
417.00,200.00,1.99,123187.14
211.00,102.00,9.45,70687.13
340.00,196.00,5.96,181116.13
57.00,101.00,0.48,8183.45
156.00,107.00,2.74,32366.93
685.00,150.00,2.89,135291.74
51.00,193.00,2.11,49115.05
823.00,157.00,5.39,195688.09
228.00,174.00,8.33,165699.70
496.00,189.00,1.10,113342.35
973.00,166.00,0.14,163483.93
553.00,182.00,7.44,223846.49
789.00,184.00,7.41,270694.12
750.00,169.00,7.72,236936.91
891.00,111.00,8.51,151344.34
264.00,153.00,9.88,156035.79
625.00,128.00,5.21,122690.32
696.00,142.00,0.58,104690.34
727.00,183.00,6.07,234739.41
171.00,184.00,9.88,198759.46
188.00,109.00,1.74,30841.73
160.00,109.00,4.89,46503.64
423.00,166.00,5.54,146544.96
338.00,195.00,8.21,222095.85
219.00,166.00,1.51,57185.87
217.00,170.00,2.42,71878.91
341.00,199.00,5.23,171380.20
137.00,197.00,1.64,58856.18
258.00,194.00,3.05,107416.24
864.00,193.00,6.32,284386.66
902.00,158.00,2.23,170356.14
168.00,174.00,7.83,147837.36
134.00,144.00,2.48,44977.22
57.00,144.00,9.00,101476.11
555.00,157.00,0.55,93924.12
245.00,136.00,2.68,58144.81
35.00,141.00,6.29,67432.75
3.00,142.00,6.75,68470.15
313.00,149.00,7.56,130594.41
183.00,103.00,7.38,58017.82
752.00,126.00,1.14,103795.49
286.00,168.00,8.17,163308.05
621.00,127.00,0.27,81016.34
381.00,171.00,1.28,83821.53
103.00,155.00,7.66,107940.87
914.00,150.00,5.69,201057.90
328.00,163.00,1.58,74389.96
40.00,121.00,5.44,44663.55
240.00,198.00,1.05,68191.44
674.00,129.00,2.47,107493.66
71.00,132.00,6.69,67631.37
964.00,171.00,3.06,209628.40
986.00,176.00,1.76,200828.10
279.00,154.00,7.28,129342.45
528.00,174.00,1.42,113399.56
962.00,158.00,7.49,245479.07
905.00,113.00,9.53,163121.37
644.00,153.00,3.83,143340.34
975.00,196.00,9.34,370478.38
535.00,200.00,4.65,200018.78
62.00,150.00,9.35,114457.89
864.00,146.00,2.24,150020.41
970.00,177.00,2.15,205429.92
282.00,153.00,7.24,127903.31
536.00,176.00,6.26,191346.41
819.00,164.00,9.47,261607.13
319.00,186.00,9.38,221590.72
618.00,139.00,2.61,111123.57
158.00,156.00,6.54,104245.74
143.00,184.00,8.43,169073.41
797.00,171.00,9.67,277620.08
527.00,172.00,0.37,96070.00
612.00,182.00,0.84,125312.58
659.00,115.00,5.13,109739.59
581.00,110.00,0.60,67524.99
589.00,172.00,4.02,160704.43
719.00,191.00,6.67,258955.47
993.00,199.00,8.56,367008.25
475.00,147.00,9.71,174707.83
658.00,177.00,9.09,258792.24
630.00,179.00,7.52,233264.27
537.00,200.00,3.05,168443.15
459.00,143.00,4.08,107370.67
249.00,135.00,8.06,107034.65
192.00,173.00,5.82,120243.36
134.00,186.00,0.76,38115.73
575.00,149.00,2.64,114978.92
597.00,111.00,3.87,90111.48
174.00,199.00,6.94,171981.29
645.00,108.00,8.61,119854.41
130.00,106.00,2.95,30325.77
626.00,167.00,3.39,151781.46
258.00,127.00,2.23,50759.87
596.00,191.00,2.45,158507.80
429.00,160.00,1.49,87687.44
297.00,149.00,3.06,78242.15
642.00,166.00,8.65,225766.34
912.00,140.00,8.09,206933.26
104.00,177.00,6.57,121382.21
989.00,132.00,6.03,183071.07
387.00,104.00,8.40,85680.23
68.00,174.00,3.82,69704.17
924.00,174.00,4.23,224759.07
462.00,139.00,6.60,127964.44
969.00,103.00,0.95,104869.21
923.00,149.00,0.71,145385.12
995.00,177.00,7.37,291522.19
597.00,146.00,5.92,150259.83
100.00,177.00,3.57,73558.65
346.00,124.00,7.66,101815.87
480.00,107.00,3.27,70091.78
208.00,152.00,1.75,51823.92
421.00,134.00,9.92,145500.75
581.00,146.00,4.39,131653.27
704.00,190.00,5.01,224190.97
76.00,180.00,3.26,66444.92
928.00,172.00,6.65,257992.97
687.00,190.00,8.39,282007.63
217.00,137.00,5.85,84622.16
137.00,161.00,8.80,136153.49
800.00,178.00,8.45,276212.62
98.00,185.00,7.15,140431.39
819.00,176.00,3.10,192132.91
500.00,130.00,0.93,72827.77
612.00,187.00,3.44,174571.97
788.00,107.00,0.17,85278.27
283.00,191.00,7.68,194105.78
429.00,155.00,2.39,95207.29
330.00,142.00,9.77,145358.43
541.00,187.00,0.90,116912.98
298.00,173.00,4.99,126279.60
209.00,189.00,7.12,166729.94
990.00,140.00,4.70,184646.59
12.00,102.00,2.00,11616.38
785.00,183.00,3.21,197363.30
744.00,197.00,4.22,228454.29
687.00,196.00,4.31,217443.60
657.00,120.00,0.46,82164.80
676.00,195.00,3.12,191128.08
996.00,169.00,1.27,186446.93
518.00,102.00,6.88,88651.28
195.00,180.00,3.36,89532.36
709.00,107.00,8.24,123038.04
966.00,130.00,4.19,160986.35
952.00,131.00,8.46,197284.60
817.00,193.00,4.15,234905.12
329.00,189.00,5.45,159493.42
331.00,142.00,6.05,107952.13
968.00,198.00,7.39,336447.98
139.00,118.00,8.22,73650.45
721.00,152.00,9.90,223950.83
585.00,155.00,2.57,121527.56
733.00,120.00,2.53,106196.81
122.00,139.00,4.70,62345.07
5.00,193.00,9.48,177454.29
627.00,191.00,8.15,268365.21
901.00,134.00,2.13,139897.45
946.00,171.00,9.72,303928.03
893.00,111.00,5.85,135184.74
401.00,145.00,5.48,115771.07
591.00,116.00,2.66,86424.66
331.00,185.00,2.13,97768.45
399.00,106.00,6.79,80413.77
115.00,130.00,5.31,59782.10
224.00,187.00,4.76,125182.06
540.00,148.00,0.60,86492.53
719.00,198.00,5.10,242271.19
129.00,104.00,5.64,43911.19
19.00,163.00,3.19,45411.48
299.00,120.00,5.41,74824.29
490.00,190.00,5.74,196784.06
358.00,170.00,3.77,115291.82
527.00,122.00,4.63,98733.76
895.00,178.00,2.48,198631.08
941.00,163.00,6.42,238733.88
443.00,113.00,4.35,77808.02
212.00,169.00,4.05,93629.45
135.00,131.00,7.87,85194.14
654.00,189.00,0.07,124795.19
757.00,163.00,9.33,247353.03
384.00,147.00,8.47,147942.39
518.00,120.00,8.72,124950.85
316.00,145.00,9.48,145481.40
900.00,153.00,0.38,142120.02
121.00,104.00,8.23,57113.70
431.00,109.00,6.52,85697.76
520.00,174.00,4.65,160815.87
335.00,144.00,5.28,102992.14
945.00,152.00,8.88,246169.69
135.00,181.00,6.26,126972.83
300.00,148.00,1.23,57847.96
887.00,177.00,4.96,234669.74
781.00,178.00,4.10,203948.66
167.00,175.00,0.59,38316.66
669.00,151.00,8.89,202316.79
481.00,136.00,8.26,141778.72
856.00,153.00,8.36,228871.72
992.00,182.00,0.03,181112.16
179.00,159.00,5.92,103250.20
396.00,110.00,2.76,60228.50
413.00,116.00,8.42,104568.65
69.00,173.00,8.74,142695.95
574.00,119.00,3.43,92598.10
84.00,184.00,5.28,104793.51
532.00,127.00,6.11,116853.44
283.00,167.00,9.98,186408.74
952.00,188.00,4.95,266529.59
335.00,174.00,6.59,157986.62
286.00,147.00,3.76,82695.68
873.00,100.00,6.72,120918.32
801.00,198.00,0.22,162889.10
885.00,144.00,9.87,229733.66
216.00,110.00,0.15,24663.76
12.00,149.00,4.21,48479.41
242.00,145.00,7.88,117955.59
140.00,196.00,4.50,113964.56
575.00,163.00,3.05,134198.09
369.00,183.00,4.58,144249.88
765.00,100.00,7.81,115528.20
753.00,128.00,8.97,169863.28
990.00,116.00,2.63,132517.90
196.00,172.00,5.22,110983.93
250.00,161.00,0.36,44937.27
185.00,178.00,3.91,94851.23
378.00,135.00,6.25,108005.08
461.00,146.00,1.49,83212.81
540.00,179.00,0.67,107382.49
584.00,119.00,9.46,136463.77
377.00,173.00,8.99,199819.88
45.00,112.00,3.54,27239.30
963.00,132.00,5.20,172379.73
431.00,143.00,9.72,160986.53
166.00,119.00,2.59,38073.69
734.00,170.00,2.67,163386.76
188.00,153.00,7.10,111823.05
663.00,193.00,3.31,189692.64
692.00,189.00,8.99,291272.46
601.00,190.00,6.05,223400.84
721.00,173.00,7.71,240181.85
732.00,197.00,7.21,284055.04
897.00,197.00,3.98,253993.58
792.00,198.00,7.07,295442.74
368.00,134.00,7.90,120278.07
642.00,153.00,7.62,187471.10
685.00,162.00,5.10,177898.98
306.00,196.00,4.32,142932.20
513.00,177.00,2.91,136411.26
618.00,180.00,2.32,148749.14
822.00,106.00,7.28,128007.42
750.00,143.00,0.71,114537.00
396.00,150.00,4.70,112270.66
958.00,149.00,8.42,236187.96
37.00,199.00,4.62,98821.15
186.00,131.00,6.48,80008.05
546.00,100.00,9.39,101545.31
424.00,141.00,8.75,146746.86
165.00,103.00,2.37,29577.82
21.00,125.00,8.59,69738.86
680.00,188.00,5.96,233085.32
25.00,166.00,9.56,135933.09
605.00,143.00,8.73,175796.14
852.00,130.00,1.12,120209.43
483.00,129.00,3.93,94983.03
241.00,156.00,7.37,127215.72
457.00,170.00,7.71,189075.89
794.00,178.00,0.70,152386.42
12.00,139.00,2.69,27670.90
547.00,108.00,9.62,115201.96
528.00,173.00,4.40,157229.26
877.00,184.00,7.28,284625.25
464.00,101.00,1.64,55244.19
712.00,172.00,1.92,150860.50
698.00,100.00,7.46,107094.96
47.00,174.00,1.82,35661.93
116.00,111.00,9.55,71679.23
863.00,103.00,0.83,93309.77
328.00,192.00,0.24,67484.66
592.00,125.00,2.80,95903.31
261.00,155.00,6.36,116807.39
608.00,197.00,3.86,194705.93
924.00,112.00,7.27,149066.25
999.00,157.00,1.07,170072.04
774.00,196.00,6.18,270331.11
16.00,132.00,1.92,18878.35
48.00,160.00,4.39,63817.99
784.00,112.00,4.21,114222.12
106.00,166.00,8.62,136321.62
901.00,167.00,3.25,195730.37
112.00,124.00,0.82,20193.74
846.00,130.00,5.33,155003.43
211.00,155.00,9.18,142920.14
765.00,177.00,6.86,242845.26
699.00,127.00,9.27,163554.38
751.00,119.00,4.95,124387.15
677.00,113.00,1.76,87737.33
859.00,163.00,7.45,238965.36
96.00,183.00,8.23,155325.30
337.00,188.00,6.56,179274.24
652.00,124.00,9.67,155195.62
902.00,189.00,1.50,197197.41
246.00,166.00,1.13,56428.14
192.00,125.00,7.47,82325.15
975.00,131.00,5.65,176168.75
156.00,136.00,2.01,39774.22
822.00,104.00,4.07,107515.51
330.00,190.00,6.30,176421.26
367.00,197.00,2.98,130072.62
746.00,197.00,8.77,317227.12
977.00,197.00,1.13,214464.79
828.00,157.00,8.43,233947.90
152.00,192.00,8.43,184589.91
514.00,100.00,1.64,59618.72
778.00,190.00,0.59,158503.31
306.00,182.00,0.70,67251.35
641.00,147.00,4.80,146071.90
932.00,183.00,5.26,258605.11
844.00,139.00,1.82,134896.18
667.00,167.00,8.74,233222.87
610.00,136.00,4.20,121788.74
718.00,123.00,9.20,157884.67
285.00,146.00,1.15,53867.49
477.00,194.00,2.72,143789.59
495.00,126.00,4.25,96121.83
661.00,150.00,0.69,106955.91
849.00,158.00,7.95,233394.67
401.00,119.00,7.05,97609.70
977.00,119.00,5.08,152228.91
39.00,114.00,6.99,49838.37
408.00,102.00,5.17,68519.27
297.00,189.00,6.42,170872.41
74.00,194.00,9.98,202146.02
305.00,106.00,5.93,65644.60
77.00,190.00,2.17,53886.36
17.00,199.00,1.11,25442.19
594.00,169.00,4.63,166484.21
731.00,111.00,5.63,115824.17
292.00,137.00,2.31,61704.74
684.00,195.00,4.23,213815.56
175.00,164.00,0.22,31691.52
318.00,100.00,9.00,76824.66
37.00,182.00,7.52,131249.92
262.00,110.00,1.50,37906.18
271.00,122.00,3.21,56965.95
608.00,151.00,5.06,149507.67
574.00,134.00,2.93,103182.51
807.00,117.00,5.46,131764.28
284.00,124.00,2.10,51388.55
46.00,132.00,0.80,13024.21
911.00,164.00,3.61,197991.51
115.00,135.00,2.44,37732.62
89.00,187.00,1.03,34733.27
195.00,100.00,8.17,60341.39
260.00,136.00,3.99,72302.38
700.00,124.00,4.13,118555.32
553.00,170.00,4.16,154071.47
301.00,149.00,5.95,110891.41
428.00,177.00,7.83,198371.34
634.00,114.00,5.70,109310.86
131.00,158.00,5.94,94887.49
189.00,153.00,7.95,121956.68
841.00,133.00,8.80,189684.98
950.00,140.00,9.15,222625.74
140.00,179.00,4.07,90308.72
453.00,126.00,2.25,74899.46
95.00,107.00,2.16,22510.23
12.00,187.00,9.29,164589.61
834.00,186.00,1.37,178792.26
759.00,125.00,3.36,121139.84
52.00,103.00,2.92,20826.33
702.00,160.00,8.12,216210.28
537.00,133.00,8.10,143064.29
378.00,179.00,6.57,172844.55
159.00,165.00,1.52,46900.54
621.00,188.00,8.46,266202.93
13.00,155.00,4.22,52723.73
375.00,194.00,0.34,79131.10
296.00,127.00,3.11,62636.68
211.00,101.00,3.84,40889.16
905.00,172.00,4.18,217532.27
961.00,196.00,0.46,197229.00
830.00,174.00,0.35,149746.29
87.00,148.00,8.31,103838.18
0.00,169.00,0.14,1949.19
363.00,145.00,1.68,70253.76
225.00,154.00,5.42,98958.01
849.00,199.00,6.35,294600.83
735.00,142.00,4.24,147087.67
710.00,191.00,4.75,222210.27
973.00,162.00,4.07,211079.43
50.00,154.00,2.87,41770.89
360.00,137.00,0.87,57508.29
489.00,131.00,2.15,82526.16
695.00,152.00,9.34,213509.59
486.00,185.00,7.15,212252.54
497.00,108.00,8.28,101953.77
106.00,182.00,3.26,73324.60
338.00,182.00,5.31,149403.39
832.00,194.00,5.20,259315.92
348.00,178.00,4.78,137743.09
782.00,100.00,4.03,98328.42
424.00,125.00,2.42,71913.47
462.00,162.00,7.61,174701.20
87.00,135.00,9.95,102457.40
317.00,120.00,0.26,39944.96
725.00,129.00,2.29,112578.76
463.00,136.00,8.20,138825.94
555.00,182.00,2.78,147109.72
383.00,182.00,4.76,148571.62
358.00,160.00,8.92,171412.79
113.00,135.00,2.12,34559.03
186.00,110.00,4.61,48345.63
345.00,142.00,7.82,127865.72
768.00,123.00,1.80,108047.31
395.00,124.00,6.85,101666.15
499.00,108.00,2.23,66899.88
753.00,192.00,8.14,294702.01
989.00,150.00,0.26,151235.98
80.00,178.00,1.11,31747.57
884.00,143.00,7.74,205558.00
913.00,175.00,2.83,203066.61
254.00,180.00,1.31,66937.23
988.00,109.00,6.18,144431.77
35.00,134.00,3.63,37288.11
560.00,116.00,0.65,69362.51
462.00,101.00,3.98,66980.98
494.00,144.00,1.45,86121.15
385.00,142.00,9.94,154925.83
805.00,170.00,6.41,229503.06
487.00,136.00,8.30,142995.68
850.00,157.00,3.51,176721.25
88.00,189.00,7.29,146891.85
308.00,167.00,8.08,164141.70
737.00,130.00,5.35,141029.76
756.00,158.00,1.12,133480.87
741.00,139.00,7.62,176570.31
752.00,130.00,9.97,182021.92
876.00,157.00,8.05,236786.80
940.00,190.00,1.18,199912.31
42.00,188.00,5.70,108574.45
143.00,132.00,9.68,103247.30
549.00,162.00,6.92,179763.04
894.00,145.00,9.60,230525.72
202.00,117.00,8.39,81078.71
772.00,144.00,1.24,124041.44
641.00,198.00,5.69,238498.88
538.00,148.00,4.07,124166.04
827.00,104.00,7.53,126708.93
56.00,170.00,2.45,44915.62
581.00,127.00,1.22,83586.94
183.00,200.00,4.77,132097.38
764.00,103.00,9.18,127412.13
463.00,150.00,0.99,80594.82
723.00,183.00,2.18,168751.96
89.00,105.00,8.90,58422.41
200.00,194.00,6.06,152889.61
582.00,171.00,2.65,138202.95
299.00,158.00,6.90,133394.25
701.00,178.00,0.84,138055.71
386.00,200.00,0.55,88270.64
484.00,137.00,1.64,81735.89
1.00,159.00,8.96,113455.12
741.00,175.00,5.24,209871.25
327.00,195.00,0.02,64138.57
252.00,155.00,6.44,116452.50
280.00,108.00,6.87,70300.47
442.00,152.00,6.03,136838.05
321.00,185.00,3.80,124335.89
301.00,173.00,6.65,151529.70
960.00,108.00,7.72,148728.54
731.00,172.00,3.32,174900.64
115.00,107.00,5.91,46137.36
644.00,127.00,6.06,130625.97
219.00,158.00,2.45,65124.23
819.00,183.00,1.59,176532.22
396.00,140.00,5.85,112780.54
519.00,169.00,6.77,184443.97
437.00,161.00,8.93,186121.56
398.00,113.00,1.82,56574.28
623.00,140.00,1.35,100450.26
124.00,132.00,2.26,36060.41
645.00,196.00,8.99,299068.77
915.00,185.00,8.61,316561.77
997.00,133.00,9.10,213058.50
801.00,172.00,9.21,274010.69
597.00,137.00,4.97,128399.42
876.00,128.00,1.08,120941.76
825.00,172.00,6.02,230985.80
151.00,147.00,7.90,107549.45
779.00,176.00,2.76,179912.96
134.00,167.00,6.97,119618.14
740.00,145.00,0.15,108897.26
322.00,197.00,9.04,238821.64
837.00,200.00,3.85,244345.10
239.00,141.00,4.98,83243.13
849.00,138.00,2.16,137728.61
211.00,127.00,1.70,40514.85
705.00,165.00,3.74,167239.30
375.00,175.00,3.91,125541.76
959.00,127.00,7.73,184120.23
283.00,187.00,5.87,155511.19
618.00,188.00,0.56,126078.70
375.00,120.00,1.15,53306.13
843.00,168.00,8.39,259991.86
868.00,135.00,3.61,150094.93
516.00,175.00,0.22,93696.82
597.00,104.00,2.24,74186.46
250.00,185.00,7.32,171563.84
3.00,175.00,2.91,45109.28
568.00,165.00,0.01,93877.96
148.00,141.00,3.01,50800.66
780.00,109.00,8.62,136226.15
89.00,133.00,6.40,68444.88
305.00,133.00,0.80,47670.16
550.00,120.00,2.97,87379.38
763.00,195.00,1.09,169452.87
562.00,134.00,9.90,164227.48
91.00,119.00,1.92,24431.58
995.00,128.00,0.06,127829.40
397.00,196.00,1.80,112407.93
743.00,189.00,7.41,272733.92
152.00,125.00,5.88,64922.60
610.00,196.00,3.56,187882.55
906.00,149.00,3.70,176111.43
964.00,192.00,5.62,288747.39
440.00,101.00,4.70,68411.67
785.00,194.00,1.38,178343.53
826.00,122.00,7.81,158911.44
821.00,179.00,4.48,218793.95
59.00,175.00,3.81,68600.70
408.00,145.00,9.84,162638.97
76.00,114.00,6.27,49432.34
664.00,130.00,4.76,126522.17
30.00,108.00,9.14,56549.17
757.00,128.00,3.16,122762.97
205.00,106.00,9.08,72758.78
661.00,110.00,6.32,110972.03
576.00,128.00,3.94,106036.48
29.00,120.00,5.64,44056.86
818.00,178.00,1.76,173416.50
735.00,179.00,3.93,194536.42
187.00,186.00,8.84,187627.93
118.00,119.00,8.67,75401.64
635.00,149.00,3.78,136542.61
380.00,132.00,0.41,53758.51
322.00,110.00,3.43,56166.30
208.00,101.00,1.99,31151.12
380.00,103.00,3.65,58478.42
5.00,164.00,8.05,109021.98
996.00,168.00,4.97,237492.25
184.00,199.00,8.87,212201.11
913.00,153.00,5.09,199210.57
605.00,152.00,1.98,114794.22
532.00,195.00,8.20,259711.13
146.00,111.00,2.61,32309.66
11.00,161.00,9.56,125644.62
285.00,155.00,7.80,137918.65
797.00,139.00,8.05,188508.51
914.00,137.00,7.86,198985.35
666.00,128.00,2.36,104545.39
262.00,129.00,8.35,103256.32
763.00,129.00,4.49,135778.33
607.00,178.00,2.03,140207.42
377.00,128.00,8.37,116820.22
678.00,195.00,4.88,225014.20
163.00,137.00,4.82,67599.92
127.00,163.00,7.30,117671.86
208.00,162.00,0.50,40259.67
640.00,180.00,0.02,115482.82
521.00,166.00,2.56,121792.24
850.00,133.00,2.04,131105.69
451.00,108.00,5.68,81836.83
312.00,149.00,0.47,51666.26
531.00,123.00,2.33,82942.02
597.00,130.00,8.29,147663.07
306.00,179.00,0.11,56562.55
315.00,128.00,7.28,99918.21
448.00,199.00,8.94,266171.72
901.00,162.00,2.69,181276.59
907.00,190.00,0.06,173416.80
819.00,144.00,8.88,209965.96
277.00,109.00,6.29,67538.26
912.00,120.00,7.73,165088.69
328.00,120.00,2.86,59946.67
280.00,158.00,7.46,137320.52
693.00,177.00,6.81,229396.04
360.00,182.00,1.70,93686.04
639.00,143.00,1.96,111414.58
936.00,168.00,0.44,163471.12
717.00,136.00,5.18,145383.33
514.00,191.00,3.98,170771.34
482.00,147.00,7.82,155385.44
23.00,197.00,9.54,189728.76
409.00,111.00,9.54,104167.30
824.00,128.00,6.56,159250.37
354.00,130.00,8.52,118041.31
772.00,175.00,3.28,185264.38
986.00,146.00,0.38,148047.44
676.00,197.00,3.80,206997.16
734.00,157.00,5.20,179357.18
145.00,197.00,2.87,84287.89
28.00,170.00,2.61,42523.12
294.00,129.00,9.38,115959.11
189.00,149.00,4.63,79510.95
642.00,143.00,1.84,110617.18
747.00,144.00,0.09,108530.74
109.00,120.00,5.40,51934.11
459.00,147.00,9.54,170541.74
232.00,101.00,6.39,56011.74
999.00,190.00,0.92,206448.18
647.00,159.00,5.75,175589.02
887.00,167.00,3.40,195577.80
630.00,159.00,4.75,160153.01
160.00,160.00,2.54,58054.93
758.00,200.00,9.07,333008.57
179.00,200.00,6.07,157217.30
252.00,195.00,8.33,207586.18
14.00,180.00,2.34,40449.43
821.00,150.00,9.78,233151.20
660.00,186.00,3.90,190179.20
588.00,125.00,0.11,74364.74
976.00,108.00,0.87,110475.59
897.00,138.00,9.93,218376.72
339.00,118.00,3.82,66575.93
502.00,196.00,6.95,231887.39
516.00,198.00,5.81,216028.56
589.00,197.00,7.27,257197.79
416.00,175.00,3.38,124543.66
187.00,105.00,0.64,23181.91
610.00,103.00,9.52,113310.98
585.00,105.00,6.21,95671.48
617.00,177.00,8.81,247145.97
664.00,137.00,6.36,150632.83
230.00,146.00,4.32,79582.16
358.00,181.00,1.89,95811.48
875.00,177.00,3.18,204719.45
770.00,182.00,0.29,144892.81
751.00,123.00,2.42,110651.32
540.00,173.00,4.53,161191.36
815.00,166.00,4.50,197247.58
305.00,125.00,0.53,42272.30
724.00,138.00,7.88,174968.22
918.00,100.00,4.15,112572.92
884.00,110.00,5.97,133340.32
452.00,159.00,5.30,138801.82
827.00,126.00,9.76,181664.44
791.00,187.00,5.13,237540.90
876.00,172.00,6.54,247451.98
350.00,165.00,9.52,187405.90
790.00,101.00,6.58,113354.20
529.00,198.00,9.88,298470.61
365.00,172.00,2.96,106572.14
648.00,187.00,0.61,131869.86
630.00,117.00,8.22,129981.43
838.00,197.00,6.90,299023.32
605.00,107.00,7.41,107177.68
554.00,109.00,3.56,81547.11
890.00,103.00,8.31,135730.28
825.00,198.00,8.35,327048.83
750.00,185.00,9.89,308074.68
145.00,126.00,9.01,89772.17
435.00,184.00,7.20,201988.28
698.00,170.00,0.35,123789.05
602.00,116.00,4.37,99247.24
877.00,105.00,2.65,106694.11
872.00,168.00,7.66,254662.24
457.00,159.00,6.41,153720.24
330.00,129.00,0.60,47524.70
995.00,120.00,8.16,178155.28
282.00,181.00,0.67,62044.51
325.00,109.00,0.83,40364.87
551.00,144.00,7.56,157726.25
976.00,147.00,4.20,188803.92
924.00,112.00,5.94,140765.80
663.00,189.00,3.60,189619.73
818.00,141.00,3.69,152030.09
840.00,140.00,1.68,134015.50
905.00,167.00,7.52,255953.22
336.00,180.00,0.85,74199.88
580.00,176.00,1.14,119793.44
898.00,183.00,3.12,216501.97
319.00,157.00,3.02,87300.53
953.00,104.00,8.99,147748.91
927.00,197.00,3.13,243438.70
352.00,146.00,3.61,89912.41
119.00,200.00,0.58,35411.13
188.00,176.00,2.81,76672.64
103.00,155.00,3.76,61099.83
800.00,172.00,1.74,163382.63
46.00,119.00,9.99,76199.03
680.00,111.00,2.17,88861.09
701.00,103.00,8.37,116581.71
784.00,111.00,2.45,102088.49
182.00,175.00,0.59,40861.32
728.00,162.00,3.29,161071.37
668.00,124.00,9.43,155362.74
91.00,109.00,9.35,65437.20
70.00,181.00,1.42,35980.52
696.00,132.00,6.93,152265.15
600.00,150.00,4.65,142313.74
41.00,172.00,4.38,71785.29
258.00,163.00,4.30,99175.44
657.00,143.00,8.01,175831.22
887.00,154.00,2.03,160720.54
906.00,143.00,0.80,137761.74
359.00,156.00,2.99,92415.77
510.00,193.00,10.00,284607.53
439.00,113.00,4.97,81319.83
742.00,185.00,6.70,251885.16
42.00,100.00,3.03,19329.03
403.00,117.00,7.22,96578.64
213.00,151.00,2.42,59776.69
281.00,195.00,1.11,75928.50
185.00,135.00,9.54,111882.51
737.00,178.00,4.24,198417.20
769.00,184.00,4.06,210145.73
81.00,137.00,2.07,30505.84
994.00,108.00,7.07,148593.12
138.00,180.00,3.52,81864.29
467.00,102.00,1.58,55847.66
463.00,146.00,0.81,76182.16
585.00,194.00,2.07,152481.48
487.00,104.00,6.47,85654.40
676.00,195.00,1.09,152459.15
281.00,116.00,6.54,76564.41
44.00,171.00,3.60,60207.23
722.00,191.00,1.62,167478.37
773.00,106.00,7.78,125634.59
912.00,147.00,7.34,213412.08
275.00,175.00,2.78,90642.42
329.00,200.00,9.85,262861.01
285.00,171.00,3.49,99695.99
545.00,147.00,4.14,124823.71
797.00,200.00,9.74,354154.89
708.00,185.00,1.02,148410.57
790.00,109.00,9.05,139859.51
623.00,111.00,0.93,74904.07
878.00,116.00,1.08,109146.81
766.00,166.00,8.96,250613.64
461.00,109.00,7.07,92251.08
592.00,194.00,0.03,115328.07
431.00,151.00,5.93,132681.24
918.00,181.00,6.43,271422.33
846.00,149.00,3.75,167713.07
429.00,173.00,9.01,209106.41
844.00,111.00,7.71,141183.41
454.00,134.00,9.36,144850.60
46.00,200.00,6.52,139609.21
225.00,120.00,1.63,38704.43
55.00,186.00,9.34,171803.99
996.00,150.00,4.27,197465.00
49.00,191.00,9.56,183682.29
707.00,117.00,5.62,121184.31
818.00,183.00,6.76,262934.87
253.00,119.00,4.98,65375.12
912.00,105.00,6.77,133095.60
149.00,186.00,1.96,61656.80
751.00,149.00,5.79,176120.69
590.00,183.00,5.48,199793.92
349.00,120.00,2.56,60347.87
887.00,109.00,0.82,101549.70
47.00,113.00,8.84,61754.50
627.00,155.00,9.39,209928.52
575.00,175.00,5.34,182355.62
124.00,164.00,6.27,104692.04
430.00,187.00,4.11,152228.23
22.00,181.00,6.38,108520.26
27.00,148.00,4.90,57664.64
619.00,150.00,8.00,182847.87
71.00,122.00,1.27,18141.26
454.00,132.00,1.43,72349.40
672.00,152.00,0.84,111834.78
113.00,108.00,6.52,50220.73
422.00,113.00,1.89,59747.46
520.00,137.00,2.74,96999.91
229.00,180.00,5.87,136258.13
566.00,131.00,2.74,97637.82
228.00,189.00,9.85,218970.18
732.00,121.00,8.22,148760.47
544.00,124.00,7.55,125495.19
39.00,106.00,4.26,28064.99
922.00,173.00,9.92,307898.76
951.00,133.00,1.28,137823.34
980.00,146.00,5.54,202135.79
550.00,185.00,6.56,214027.78
879.00,178.00,8.07,284258.54
